{
  "timestamp": "2026-04-06T09:45:41.107981",
  "uptime_seconds": 32710.312221050262,
  "uptime_days": 0.3785915766325262,
  "cycles": 2548079,
  "decisions_executed": 993625,
  "decisions_rejected": 1554454,
  "execution_rate": 0.3899506255496788,
  "rejection_rate": 0.6100493744503213,
  "audit_trail_size": 100000,
  "sovereignty_orders": 10,
  "byzantine_layers": 12,
  "architecture": "TENETAIAGENCY_ULTIMATE_SOVEREIGN"
}