{
  "ticks": 641642364,
  "decisions_executed": 0,
  "decisions_rejected": 641642364,
  "rejection_rate": 1.0,
  "drift_ratio": 320821187.0,
  "horizon_entries": 320821187,
  "audit_log_length": 0,
  "uptime_seconds": 32709.95582842827,
  "uptime_days": 0.3785874517179198,
  "timestamp": "2026-04-06T09:45:41.093573"
}